{
    "level": "l0b",
    "commands_given_planning": [],
    "actions_canceled_planning": [],
    "planning_time": 1.4929999999999979,
    "timesteps_planning_time": [],
    "player_actions": [
        2,
        0,
        2,
        0,
        2,
        0,
        1,
        4,
        5,
        0,
        0,
        0,
        1,
        0,
        1,
        4,
        0,
        5,
        5,
        5,
        0,
        2,
        0,
        0,
        0,
        2,
        2,
        0,
        2,
        4,
        0,
        5,
        0,
        0,
        0,
        0,
        0,
        0,
        5,
        0,
        2,
        0,
        0,
        1,
        1,
        0,
        1,
        4,
        0,
        5,
        0,
        0,
        5,
        5,
        0,
        2,
        0,
        1,
        1,
        4,
        0,
        5,
        0,
        0,
        0,
        0,
        0,
        0,
        0,
        0,
        0,
        0,
        0,
        0,
        0,
        0,
        0,
        0,
        0,
        0,
        0,
        0,
        0,
        0,
        0,
        5,
        2,
        2,
        0,
        2,
        3,
        0,
        3,
        3,
        5
    ],
    "ai_actions": [
        0,
        3,
        0,
        1,
        0,
        1,
        0,
        0,
        0,
        0,
        3,
        3,
        0,
        5,
        0,
        0,
        1,
        0,
        0,
        0,
        1,
        0,
        1,
        1,
        1,
        0,
        0,
        1,
        0,
        0,
        3,
        0,
        5,
        5,
        0,
        5,
        2,
        2,
        0,
        0,
        0,
        3,
        5,
        0,
        0,
        2,
        0,
        0,
        2,
        0,
        2,
        2,
        0,
        0,
        4,
        0,
        4,
        0,
        0,
        0,
        2,
        0,
        4,
        2,
        4,
        5,
        1,
        1,
        1,
        1,
        1,
        1,
        3,
        1,
        1,
        3,
        3,
        5,
        5,
        0,
        5,
        2,
        3,
        5,
        0,
        0,
        0,
        0,
        0,
        0,
        0,
        0,
        0,
        0,
        0
    ],
    "timestep": [
        0,
        0.5050000000000003,
        0.9700000000000008,
        1.0120000000000007,
        1.194,
        1.5169999999999988,
        1.5489999999999988,
        1.762999999999998,
        1.9009999999999976,
        2.019999999999997,
        2.520999999999995,
        3.0269999999999913,
        3.5149999999999895,
        3.5319999999999894,
        3.6899999999999884,
        3.9059999999999877,
        4.035999999999987,
        4.090999999999987,
        4.313999999999986,
        4.497999999999983,
        4.538999999999984,
        4.714999999999983,
        5.039999999999981,
        5.546999999999977,
        6.060999999999972,
        6.329999999999971,
        6.536999999999967,
        6.562999999999967,
        6.705999999999965,
        6.977999999999963,
        7.068999999999962,
        7.124999999999962,
        7.569999999999954,
        8.07999999999995,
        8.58599999999995,
        9.08699999999995,
        9.59999999999995,
        10.100999999999948,
        10.507999999999946,
        10.609999999999944,
        10.632999999999944,
        11.110999999999942,
        11.615999999999936,
        11.750999999999934,
        11.941999999999931,
        12.127999999999929,
        12.297999999999929,
        12.531999999999929,
        12.629999999999928,
        12.714999999999925,
        13.136999999999919,
        13.645999999999916,
        13.747999999999914,
        14.144999999999913,
        14.159999999999913,
        14.409999999999913,
        14.662999999999911,
        14.720999999999911,
        14.89899999999991,
        15.11099999999991,
        15.168999999999912,
        15.368999999999911,
        15.681999999999912,
        16.190999999999907,
        16.701999999999916,
        17.216999999999917,
        17.728999999999942,
        18.23099999999997,
        18.737999999999992,
        19.24600000000001,
        19.753000000000032,
        20.277000000000033,
        20.77900000000004,
        21.290000000000042,
        21.79500000000005,
        22.297000000000043,
        22.802000000000056,
        23.309000000000065,
        23.820000000000057,
        24.325000000000056,
        24.83700000000005,
        25.343000000000053,
        25.855000000000057,
        26.356000000000073,
        26.863000000000085,
        26.947000000000084,
        27.040000000000084,
        27.27700000000009,
        27.368000000000087,
        27.46800000000009,
        27.676000000000094,
        27.8760000000001,
        27.9000000000001,
        28.042000000000108,
        28.287000000000116
    ],
    "initial_commands": [
        "SliceTomato"
    ],