{
    "level": "l9b",
    "commands_given_planning": [],
    "actions_canceled_planning": [],
    "planning_time": 1.1050000000000004,
    "timesteps_planning_time": [],
    "player_actions": [
        1,
        5,
        0,
        4,
        5,
        0,
        5,
        5,
        2,
        0,
        2,
        4,
        0,
        5,
        2,
        2,
        0,
        4,
        5,
        1,
        0,
        1,
        1,
        0,
        1,
        4,
        5,
        0,
        5,
        5,
        0,
        2,
        2,
        0,
        4,
        5,
        0,
        5,
        2,
        0,
        2,
        2,
        2,
        0,
        0,
        0,
        0,
        0,
        1,
        1,
        0,
        1,
        1,
        0,
        1,
        4,
        0,
        5,
        0,
        0,
        0,
        0,
        0,
        0,
        0,
        0,
        0,
        0,
        0,
        0,
        0,
        0,
        0,
        0,
        0,
        0,
        0,
        0,
        0,
        0,
        0
    ],
    "ai_actions": [
        0,
        0,
        3,
        0,
        0,
        1,
        0,
        0,
        0,
        1,
        0,
        0,
        1,
        0,
        0,
        0,
        1,
        0,
        0,
        0,
        0,
        0,
        0,
        2,
        0,
        0,
        0,
        2,
        0,
        0,
        2,
        0,
        0,
        4,
        0,
        0,
        2,
        0,
        0,
        4,
        0,
        0,
        0,
        5,
        1,
        1,
        1,
        1,
        0,
        0,
        1,
        0,
        0,
        1,
        0,
        0,
        3,
        0,
        1,
        1,
        3,
        3,
        5,
        5,
        0,
        5,
        2,
        3,
        5,
        0,
        5,
        2,
        4,
        2,
        2,
        4,
        2,
        4,
        2,
        4,
        5
    ],
    "timestep": [
        0,
        0.27799999999999997,
        0.5040000000000001,
        0.7170000000000003,
        0.8810000000000004,
        1.0160000000000005,
        1.0800000000000005,
        1.247,
        1.4119999999999997,
        1.5199999999999996,
        1.6129999999999993,
        1.8539999999999988,
        2.0209999999999986,
        2.0209999999999986,
        2.1479999999999984,
        2.3389999999999977,
        2.5319999999999974,
        2.604999999999997,
        2.7269999999999963,
        3.0169999999999955,
        3.0339999999999954,
        3.2109999999999945,
        3.3949999999999942,
        3.5359999999999943,
        3.5559999999999943,
        3.7209999999999934,
        3.8809999999999927,
        4.037999999999992,
        4.071999999999992,
        4.252999999999991,
        4.544999999999991,
        4.74599999999999,
        4.932999999999988,
        5.053999999999988,
        5.287999999999987,
        5.478999999999987,
        5.563999999999986,
        5.730999999999986,
        5.9189999999999845,
        6.069999999999983,
        6.099999999999984,
        6.282999999999983,
        6.511999999999982,
        6.576999999999981,
        7.086999999999978,
        7.596999999999975,
        8.103999999999973,
        8.604999999999976,
        8.785999999999973,
        8.982999999999972,
        9.106999999999974,
        9.139999999999974,
        9.355999999999975,
        9.609999999999976,
        9.842999999999977,
        10.051999999999973,
        10.122999999999971,
        10.20999999999997,
        10.633999999999965,
        11.142999999999962,
        11.643999999999966,
        12.155999999999969,
        12.665999999999967,
        13.176999999999968,
        13.691999999999961,
        14.195999999999959,
        14.69599999999996,
        15.205999999999955,
        15.721999999999955,
        16.23699999999995,
        16.75199999999996,
        17.253999999999973,
        17.761999999999976,
        18.26999999999998,
        18.781000000000006,
        19.289000000000005,
        19.793999999999993,
        20.304000000000006,
        20.806000000000022,
        21.314000000000036,
        21.816000000000045
    ],
    "initial_commands": [
        "SliceLettuce"
    ],