{
    "level": "l18b",
    "commands_given_planning": [],
    "actions_canceled_planning": [],
    "planning_time": 6.449999999999993,
    "timesteps_planning_time": [],
    "player_actions": [
        2,
        2,
        2,
        0,
        2,
        4,
        1,
        0,
        4,
        5,
        2,
        0,
        4,
        5,
        0,
        5,
        5,
        1,
        1,
        0,
        1,
        1,
        1,
        0,
        4,
        5,
        2,
        0,
        2,
        2,
        2,
        0,
        2,
        5,
        0,
        4,
        5,
        5,
        0,
        5,
        1,
        1,
        0,
        1,
        1,
        1,
        0,
        4,
        5,
        0,
        0,
        0,
        5,
        0,
        2,
        4,
        5
    ],
    "ai_actions": [
        0,
        0,
        0,
        1,
        0,
        0,
        0,
        1,
        0,
        0,
        0,
        1,
        0,
        0,
        1,
        0,
        0,
        0,
        0,
        5,
        0,
        0,
        0,
        3,
        0,
        0,
        0,
        5,
        0,
        0,
        0,
        5,
        0,
        0,
        0,
        0,
        0,
        0,
        5,
        0,
        0,
        0,
        2,
        0,
        0,
        0,
        2,
        0,
        0,
        2,
        3,
        5,
        0,
        0,
        0,
        0,
        0
    ],
    "timestep": [
        0,
        0.17100000000000004,
        0.3290000000000002,
        0.5100000000000003,
        0.5100000000000003,
        0.7470000000000006,
        0.9580000000000007,
        1.0190000000000008,
        1.1150000000000004,
        1.277,
        1.4229999999999996,
        1.5299999999999996,
        1.6729999999999992,
        1.8489999999999989,
        2.0319999999999983,
        2.0519999999999983,
        2.2289999999999965,
        2.3159999999999963,
        2.492999999999995,
        2.541999999999995,
        2.6649999999999947,
        2.8439999999999936,
        2.9929999999999928,
        3.0489999999999924,
        3.1629999999999923,
        3.2379999999999916,
        3.375999999999991,
        3.560999999999991,
        3.560999999999991,
        3.7589999999999915,
        3.8799999999999906,
        4.075999999999989,
        4.075999999999989,
        4.4339999999999895,
        4.58699999999999,
        4.697999999999991,
        4.8889999999999905,
        5.07199999999999,
        5.099999999999991,
        5.242999999999991,
        5.35699999999999,
        5.552999999999988,
        5.6139999999999874,
        5.721999999999987,
        5.874999999999987,
        6.052999999999987,
        6.127999999999988,
        6.2209999999999885,
        6.393999999999988,
        6.633999999999987,
        7.138999999999986,
        7.641999999999984,
        8.047999999999982,
        8.145999999999983,
        8.178999999999984,
        8.372999999999985,
        8.445999999999984
    ],
    "initial_commands": [
        "SliceTomato"
    ],
    "command_stacks": [
        [
            "SliceTomato"
        ],
        [
            "SliceTomato"
        ],
        [
            "SliceTomato"
        ],
        [
            "SliceTomato"
        ],
        [
            "SliceTomato"
        ],
        [
            "SliceTomato"
        ],
        [
            "SliceTomato"
        ],
        [
            "SliceTomato"
        ],
        [
            "SliceTomato"
        ],
        [
            "SliceTomato"
        ],
        [
            "SliceTomato"
        ],
        [
            "SliceTomato"
        ],
        [
            "SliceTomato"
        ],
        [
            "SliceTomato"
        ],
        [
            "SliceTomato"
        ],
        [
            "SliceTomato"
        ],
        [
            "SliceTomato"
        ],
        [
            "SliceTomato"
        ],
        [
            "SliceTomato"
        ],
        [
            "SliceTomato"
        ],
        [
            "SliceTomato"
        ],
        [
            "SliceTomato"
        ],
        [
            "SliceTomato"
        ],
        [
            "SliceTomato"
        ],
        [
            "SliceTomato"
        ],
        [
            "SliceTomato"
        ],
        [
            "SliceTomato"
        ],
        [
            "SliceTomato"
        ],
        [
            "SliceTomato"
        ],
        [
            "SliceTomato"
        ],
        [
            "SliceTomato"
        ],
        [
            "SliceTomato"
        ],
        [
            "SliceTomato"
        ],
        [
            "SliceTomato"
        ],
        [
            "ChoppedTomatoPlate"
        ],
        [
            "ChoppedTomatoPlate"
        ],
        [
            "ChoppedTomatoPlate"
        ],
        [
            "ChoppedTomatoPlate"
        ],
        [
            "ChoppedTomatoPlate"
        ],
        [
            "ChoppedTomatoPlate"
        ],
        [
            "ChoppedTomatoPlate"
        ],
        [
            "ChoppedTomatoPlate"
        ],
        [
            "ChoppedTomatoPlate"
        ],
        [
            "ChoppedTomatoPlate"
        ],
        [
            "ChoppedTomatoPlate"
        ],
        [
            "ChoppedTomatoPlate"
        ],
        [
            "ChoppedTomatoPlate"
        ],
        [
            "ChoppedTomatoPlate"
        ],
        [
            "ChoppedTomatoPlate"
        ],
        [
            "ChoppedTomatoPlate"
        ],
        [
            "ChoppedTomatoPlate"
        ],
        [
            "ChoppedTomatoPlate"
        ],
        [
            "ChoppedTomatoPlate"
        ],
        [],
        [],
        [],
        []
    ],
    "current_command_level": [
        "High",
        "High",
        "High",
        "High",
        "High",
        "High",
        "High",
        "High",
        "High",
        "High",
        "High",
        "High",
        "High",
        "High",
        "High",
        "High",
        "High",
        "High",
        "High",
        "High",
        "High",
        "High",
        "High",
        "High",
        "High",
        "High",
        "High",
        "High",
        "High",
        "High",
        "High",
        "High",
        "High",
        "High",
        "High",
        "High",
        "High",
        "High",
        "High",
        "High",
        "High",
        "High",
        "High",
        "High",
        "High",
        "High",
        "High",
        "High",
        "High",
        "High",
        "High",
        "High",
        "High",
        "High",
        "High",
        "High",
        "High"
    ],
    "commands_given": [
        [],
        [],
        [],
        [],
        [],
        [],
        [],
        [],
        [],
        [],
        [],
        [],
        [],
        [],
        [],
        [],
        [],
        [],
        [],
        [],
        [],
        [],
        [],
        [],
        [],
        [],
        [],
        [],
        [],
        [],
        [],
        [],
        [],
        [],
        [],
        [],
        [],
        [],
        [],
        [],
        [],
        [],
        [],
        [],
        [],
        [],
        [],
        [],
        [],
        [],
        [],
        [],
        [],
        [],
        [],
        [],
        []
    ],