{
    "level": "l12b",
    "commands_given_planning": [
        [
            "SliceLettuce"
        ],
        []
    ],
    "actions_canceled_planning": [
        [],
        [
            "SliceLettuce"
        ]
    ],
    "planning_time": 15.641999999999967,
    "timesteps_planning_time": [
        11.290999999999977,
        14.68099999999997
    ],
    "player_actions": [
        1,
        1,
        1,
        0,
        1,
        1,
        1,
        0,
        1,
        1,
        0,
        4,
        5,
        0,
        2,
        0,
        2,
        0,
        2,
        2,
        2,
        0,
        2,
        4,
        0,
        5,
        0,
        0,
        0,
        0,
        0,
        0,
        0,
        0,
        0,
        0,
        0,
        0,
        0,
        0,
        0,
        0,
        0,
        0,
        0,
        0,
        0,
        0,
        0,
        0,
        0,
        0,
        0,
        0,
        0,
        5,
        4,
        0,
        1,
        1,
        4,
        0,
        2,
        4,
        5,
        0,
        0,
        0,
        0,
        0,
        0,
        0,
        0,
        0,
        0,
        0,
        0,
        0,
        0,
        0,
        0,
        0,
        0,
        0,
        0,
        0,
        0,
        0,
        0
    ],
    "ai_actions": [
        0,
        0,
        0,
        2,
        0,
        0,
        0,
        5,
        0,
        0,
        1,
        0,
        0,
        1,
        0,
        4,
        0,
        5,
        0,
        0,
        0,
        5,
        0,
        0,
        0,
        0,
        5,
        1,
        1,
        3,
        3,
        3,
        5,
        0,
        2,
        2,
        4,
        4,
        2,
        4,
        2,
        4,
        5,
        1,
        1,
        4,
        5,
        5,
        0,
        5,
        1,
        1,
        3,
        3,
        3,
        0,
        0,
        5,
        0,
        0,
        0,
        0,
        0,
        0,
        0,
        2,
        3,
        5,
        4,
        4,
        4,
        2,
        4,
        5,
        5,
        0,
        5,
        1,
        1,
        3,
        3,
        3,
        5,
        0,
        5,
        4,
        4,
        4,
        5
    ],
    "timestep": [
        0,
        0.18600000000000005,
        0.3680000000000002,
        0.5000000000000003,
        0.5460000000000004,
        0.7480000000000006,
        0.9360000000000007,
        1.0100000000000007,
        1.1100000000000005,
        1.3179999999999998,
        1.5149999999999992,
        1.594999999999999,
        1.9369999999999978,
        2.0189999999999975,
        2.514999999999996,
        2.532999999999996,
        2.8599999999999954,
        3.037999999999995,
        3.067999999999995,
        3.289999999999994,
        3.524999999999993,
        3.539999999999993,
        3.7669999999999924,
        4.032999999999992,
        4.048999999999992,
        4.182999999999993,
        4.548999999999993,
        5.050999999999993,
        5.5519999999999925,
        6.0659999999999945,
        6.568999999999991,
        7.074999999999992,
        7.57699999999999,
        8.084999999999988,
        8.60099999999999,
        9.113999999999992,
        9.628999999999989,
        10.131999999999984,
        10.635999999999981,
        11.13799999999998,
        11.63899999999998,
        12.150999999999978,
        12.655999999999976,
        13.159999999999972,
        13.66399999999997,
        14.16699999999997,
        14.66799999999997,
        15.171999999999967,
        15.687999999999965,
        16.198999999999966,
        16.701999999999963,
        17.215999999999944,
        17.725999999999942,
        18.228999999999942,
        18.735999999999944,
        18.83499999999994,
        19.113999999999937,
        19.249999999999932,
        19.28299999999993,
        19.482999999999922,
        19.66999999999992,
        19.75899999999992,
        19.90999999999992,
        20.128999999999916,
        20.248999999999917,
        20.267999999999915,
        20.76899999999992,
        21.279999999999916,
        21.782999999999934,
        22.293999999999933,
        22.800999999999934,
        23.309999999999942,
        23.81299999999994,
        24.32399999999994,
        24.828999999999944,
        25.33099999999994,
        25.83299999999994,
        26.338999999999945,
        26.84099999999995,
        27.341999999999963,
        27.843999999999966,
        28.346999999999987,
        28.860999999999986,
        29.369999999999987,
        29.871999999999996,
        30.38000000000001,
        30.880000000000017,
        31.386000000000024,
        31.899000000000022
    ],
    "initial_commands": [
        "SliceTomato"
    ],