{
    "level": "l14b",
    "commands_given_planning": [
        [
            "GivePlate"
        ],
        [],
        [
            "DoNothing"
        ]
    ],
    "actions_canceled_planning": [
        [],
        [
            "SliceTomato"
        ],
        []
    ],
    "planning_time": 8.382999999999987,
    "timesteps_planning_time": [
        5.210999999999993,
        6.209999999999991,
        6.813999999999994
    ],
    "player_actions": [
        2,
        0,
        5,
        4,
        0,
        5,
        5,
        0,
        5,
        1,
        0,
        4,
        5,
        2,
        0,
        1,
        1,
        0,
        1,
        1,
        1,
        0,
        1,
        1,
        1,
        0,
        4,
        5,
        0,
        2,
        2,
        0,
        2,
        2,
        2,
        0,
        2,
        2,
        2,
        0,
        4,
        5,
        0,
        5,
        5,
        0,
        3,
        3,
        3,
        0,
        1,
        0,
        1,
        4,
        0,
        4,
        4,
        5,
        0,
        2,
        2,
        2,
        0,
        3,
        3,
        3,
        0,
        5,
        4,
        4,
        0,
        4,
        5,
        5,
        0,
        5,
        1,
        1,
        0,
        1,
        1,
        1,
        0,
        1,
        1,
        1,
        0,
        4,
        5,
        5,
        0,
        2,
        2,
        0,
        2,
        2,
        0,
        2,
        2,
        0,
        4,
        5,
        2,
        0,
        4,
        5,
        3,
        3,
        0,
        5,
        3,
        0,
        5
    ],
    "ai_actions": [
        0,
        1,
        0,
        0,
        1,
        0,
        0,
        1,
        0,
        0,
        1,
        0,
        0,
        0,
        1,
        0,
        0,
        1,
        0,
        0,
        0,
        1,
        0,
        0,
        0,
        1,
        0,
        0,
        4,
        0,
        0,
        5,
        0,
        0,
        0,
        3,
        0,
        0,
        0,
        3,
        0,
        0,
        3,
        0,
        0,
        5,
        0,
        0,
        0,
        0,
        0,
        0,
        0,
        0,
        0,
        0,
        0,
        0,
        0,
        0,
        0,
        0,
        0,
        0,
        0,
        0,
        0,
        0,
        0,
        0,
        0,
        0,
        0,
        0,
        0,
        0,
        0,
        0,
        0,
        0,
        0,
        0,
        0,
        0,
        0,
        0,
        0,
        0,
        0,
        0,
        0,
        0,
        0,
        0,
        0,
        0,
        0,
        0,
        0,
        0,
        0,
        0,
        0,
        0,
        0,
        0,
        0,
        0,
        0,
        0,
        0,
        0,
        0
    ],
    "timestep": [
        0,
        0.5090000000000003,
        0.5720000000000004,
        0.8790000000000007,
        1.0230000000000006,
        1.1560000000000006,
        1.3459999999999999,
        1.5299999999999994,
        1.8089999999999988,
        1.9909999999999983,
        2.036999999999998,
        2.180999999999998,
        2.322999999999997,
        2.4449999999999967,
        2.543999999999997,
        2.8269999999999946,
        3.010999999999994,
        3.0539999999999936,
        3.1889999999999934,
        3.3589999999999933,
        3.5259999999999927,
        3.568999999999993,
        3.721999999999993,
        3.8849999999999922,
        4.064999999999992,
        4.081999999999993,
        4.277999999999992,
        4.42599999999999,
        4.584999999999989,
        4.7899999999999885,
        4.978999999999988,
        5.091999999999987,
        5.118999999999987,
        5.348999999999986,
        5.5229999999999855,
        5.596999999999985,
        5.706999999999986,
        5.878999999999986,
        6.053999999999986,
        6.110999999999986,
        6.402999999999985,
        6.5389999999999855,
        6.612999999999986,
        6.754999999999987,
        6.934999999999986,
        7.115999999999987,
        7.144999999999987,
        7.330999999999988,
        7.517999999999988,
        7.615999999999988,
        8.068999999999987,
        8.121999999999987,
        8.275999999999987,
        8.447999999999986,
        8.633999999999984,
        8.633999999999984,
        8.809999999999985,
        9.08299999999998,
        9.143999999999979,
        9.175999999999979,
        9.369999999999974,
        9.57699999999997,
        9.654999999999967,
        9.737999999999968,
        9.93999999999997,
        10.106999999999967,
        10.156999999999966,
        10.246999999999966,
        10.408999999999967,
        10.601999999999967,
        10.667999999999966,
        10.768999999999966,
        10.863999999999969,
        11.073999999999971,
        11.169999999999973,
        11.248999999999972,
        11.358999999999973,
        11.547999999999973,
        11.679999999999973,
        11.722999999999972,
        11.891999999999973,
        12.068999999999972,
        12.18399999999997,
        12.252999999999972,
        12.443999999999976,
        12.598999999999975,
        12.688999999999975,
        12.761999999999974,
        12.874999999999975,
        13.164999999999978,
        13.190999999999978,
        13.362999999999978,
        13.535999999999976,
        13.692999999999975,
        13.719999999999974,
        13.890999999999975,
        14.194999999999977,
        14.241999999999978,
        14.507999999999976,
        14.699999999999976,
        14.752999999999977,
        14.885999999999976,
        15.018999999999975,
        15.204999999999975,
        15.220999999999975,
        15.357999999999974,
        15.500999999999973,
        15.693999999999976,
        15.706999999999976,
        15.920999999999978,
        16.203999999999983,
        16.216999999999985,
        16.40699999999999
    ],
    "initial_commands": [
        "SliceTomato"
    ],