{
    "level": "l2b",
    "commands_given_planning": [],
    "actions_canceled_planning": [],
    "planning_time": 2.4309999999999974,
    "timesteps_planning_time": [],
    "player_actions": [
        1,
        3,
        0,
        1,
        3,
        5,
        1,
        0,
        1,
        1,
        1,
        0,
        3,
        5,
        5,
        0,
        5,
        2,
        2,
        0,
        2,
        2,
        0,
        2,
        2,
        4,
        0,
        4,
        4,
        0,
        5,
        2,
        2,
        4,
        0,
        5,
        1,
        1,
        0,
        1,
        1,
        1,
        0,
        1,
        1,
        1,
        0,
        3,
        3,
        0,
        3,
        5,
        5,
        0,
        5,
        2,
        2,
        0,
        2,
        2,
        2,
        0,
        4,
        4,
        2,
        0,
        4,
        5,
        0,
        5,
        1,
        0,
        1,
        1,
        1,
        0,
        1,
        4,
        5,
        0,
        0,
        0,
        0,
        0,
        0,
        0,
        0,
        0
    ],
    "ai_actions": [
        0,
        0,
        1,
        0,
        0,
        0,
        0,
        1,
        0,
        0,
        0,
        4,
        0,
        0,
        0,
        5,
        0,
        0,
        0,
        2,
        0,
        0,
        2,
        0,
        0,
        0,
        2,
        0,
        0,
        2,
        0,
        0,
        0,
        0,
        5,
        0,
        0,
        0,
        5,
        0,
        0,
        0,
        0,
        0,
        0,
        0,
        5,
        0,
        0,
        3,
        0,
        0,
        0,
        1,
        0,
        0,
        0,
        3,
        0,
        0,
        0,
        1,
        0,
        0,
        0,
        3,
        0,
        0,
        5,
        0,
        0,
        0,
        0,
        0,
        0,
        0,
        0,
        0,
        0,
        1,
        1,
        1,
        1,
        1,
        3,
        5,
        1,
        5
    ],
    "timestep": [
        0,
        0.31700000000000017,
        0.5040000000000003,
        0.5040000000000003,
        0.6670000000000005,
        0.8370000000000006,
        0.9620000000000007,
        1.0060000000000007,
        1.1460000000000004,
        1.3199999999999998,
        1.4809999999999997,
        1.5169999999999997,
        1.6289999999999993,
        1.8319999999999992,
        2.0159999999999982,
        2.0359999999999983,
        2.1779999999999977,
        2.2699999999999974,
        2.4779999999999966,
        2.537999999999997,
        2.647999999999997,
        2.8329999999999966,
        3.048999999999996,
        3.0989999999999958,
        3.268999999999995,
        3.413999999999995,
        3.558999999999994,
        3.5899999999999936,
        3.878999999999993,
        4.068999999999993,
        4.068999999999993,
        4.197999999999993,
        4.377999999999991,
        4.51599999999999,
        4.581999999999991,
        4.666999999999991,
        4.781999999999989,
        4.97199999999999,
        5.08499999999999,
        5.14899999999999,
        5.323999999999989,
        5.502999999999988,
        5.591999999999988,
        5.666999999999987,
        5.865999999999987,
        6.0449999999999875,
        6.103999999999987,
        6.312999999999988,
        6.519999999999988,
        6.612999999999989,
        6.683999999999989,
        6.85999999999999,
        7.04799999999999,
        7.11599999999999,
        7.21499999999999,
        7.3489999999999895,
        7.5139999999999905,
        7.621999999999991,
        7.684999999999992,
        7.852999999999992,
        8.034999999999993,
        8.121999999999995,
        8.240999999999996,
        8.415999999999993,
        8.573999999999993,
        8.632999999999992,
        8.766999999999992,
        9.066999999999991,
        9.137999999999993,
        9.335999999999991,
        9.50699999999999,
        9.640999999999993,
        9.689999999999992,
        9.88299999999999,
        10.042999999999987,
        10.143999999999986,
        10.201999999999986,
        10.399999999999988,
        10.613999999999985,
        10.645999999999985,
        11.151999999999987,
        11.663999999999984,
        12.166999999999982,
        12.666999999999986,
        13.17899999999998,
        13.678999999999983,
        14.186999999999982,
        14.69599999999998
    ],
    "initial_commands": [
        "SliceTomato"
    ],