{
    "level": "l11b",
    "commands_given_planning": [],
    "actions_canceled_planning": [],
    "planning_time": 1.0900000000000003,
    "timesteps_planning_time": [],
    "player_actions": [
        1,
        1,
        1,
        0,
        1,
        1,
        1,
        0,
        1,
        1,
        0,
        4,
        5,
        2,
        0,
        2,
        2,
        0,
        2,
        0,
        0,
        0,
        4,
        0,
        0,
        0,
        2,
        0,
        2,
        0,
        4,
        5,
        0,
        0,
        0,
        0,
        0,
        0,
        0,
        0,
        0,
        0,
        0,
        0,
        0,
        0,
        0,
        0,
        0,
        0,
        0,
        0,
        0,
        0,
        0,
        0,
        0,
        0,
        0,
        0,
        0,
        0,
        0,
        0,
        0,
        0,
        0,
        0,
        0,
        0,
        0,
        0,
        0,
        0,
        0,
        0,
        0,
        0,
        0,
        0,
        0,
        0,
        0,
        0,
        0,
        0,
        0
    ],
    "ai_actions": [
        0,
        0,
        0,
        1,
        0,
        0,
        0,
        1,
        0,
        0,
        1,
        0,
        0,
        0,
        0,
        0,
        0,
        2,
        0,
        2,
        2,
        5,
        0,
        1,
        1,
        4,
        0,
        5,
        0,
        5,
        0,
        0,
        0,
        5,
        1,
        1,
        3,
        3,
        3,
        5,
        0,
        2,
        2,
        3,
        5,
        4,
        4,
        4,
        5,
        5,
        0,
        5,
        1,
        1,
        3,
        3,
        3,
        5,
        0,
        2,
        2,
        4,
        4,
        2,
        4,
        2,
        4,
        5,
        1,
        1,
        4,
        5,
        5,
        0,
        5,
        1,
        1,
        3,
        3,
        3,
        5,
        0,
        5,
        4,
        4,
        4,
        5
    ],
    "timestep": [
        0,
        0.19600000000000006,
        0.40400000000000025,
        0.5110000000000003,
        0.5850000000000004,
        0.8040000000000006,
        0.9800000000000008,
        1.0230000000000008,
        1.1470000000000005,
        1.3459999999999999,
        1.5259999999999994,
        1.5259999999999994,
        1.7459999999999987,
        1.9309999999999983,
        2.028999999999998,
        2.1469999999999976,
        2.402999999999997,
        2.532999999999997,
        2.860999999999996,
        3.0349999999999957,
        3.536999999999994,
        4.051999999999993,
        4.327999999999991,
        4.553999999999992,
        5.0649999999999915,
        5.567999999999989,
        6.049999999999989,
        6.079999999999989,
        6.251999999999991,
        6.600999999999989,
        6.719999999999987,
        6.9809999999999865,
        7.1139999999999874,
        7.614999999999987,
        8.132999999999988,
        8.643999999999984,
        9.14999999999998,
        9.662999999999979,
        10.165999999999977,
        10.679999999999971,
        11.18999999999997,
        11.699999999999966,
        12.202999999999962,
        12.713999999999956,
        13.216999999999954,
        13.717999999999956,
        14.222999999999953,
        14.722999999999955,
        15.233999999999954,
        15.738999999999951,
        16.240999999999946,
        16.74499999999994,
        17.25099999999994,
        17.76699999999993,
        18.28299999999993,
        18.78399999999991,
        19.297999999999895,
        19.80499999999988,
        20.31499999999988,
        20.822999999999876,
        21.326999999999874,
        21.836999999999872,
        22.34599999999986,
        22.84999999999986,
        23.357999999999862,
        23.858999999999856,
        24.359999999999847,
        24.86999999999985,
        25.383999999999844,
        25.891999999999832,
        26.40099999999983,
        26.91499999999982,
        27.437999999999818,
        27.942999999999817,
        28.45699999999982,
        28.96199999999982,
        29.472999999999804,
        29.97999999999979,
        30.4819999999998,
        30.995999999999796,
        31.50499999999981,
        32.013999999999804,
        32.5269999999998,
        33.037999999999805,
        33.5419999999998,
        34.0539999999998,
        34.56299999999982
    ],
    "initial_commands": [
        "SliceTomato"
    ],