{
    "level": "l4b",
    "commands_given_planning": [],
    "actions_canceled_planning": [],
    "planning_time": 1.0110000000000008,
    "timesteps_planning_time": [],
    "player_actions": [
        2,
        2,
        0,
        0,
        3,
        5,
        0,
        1,
        1,
        0,
        4,
        4,
        0,
        4,
        4,
        5,
        0,
        1,
        1,
        0,
        4,
        5,
        0,
        2,
        4,
        5,
        0,
        2,
        3,
        0,
        3,
        3,
        5,
        0,
        2,
        4,
        0,
        4,
        4,
        4,
        0,
        5,
        0,
        5,
        2,
        0,
        4,
        0,
        5,
        1,
        0,
        4,
        5,
        0,
        0,
        0,
        0,
        0,
        0,
        0,
        0,
        0,
        0,
        0,
        0,
        0,
        0,
        0,
        0,
        0,
        0,
        0,
        0,
        0,
        0,
        0,
        0,
        0,
        0,
        0,
        0,
        0,
        0,
        0,
        0,
        0,
        0,
        5,
        0,
        2,
        2,
        0,
        2,
        0,
        3,
        3,
        0,
        3,
        5
    ],
    "ai_actions": [
        0,
        0,
        4,
        5,
        0,
        0,
        2,
        0,
        0,
        2,
        0,
        0,
        4,
        0,
        0,
        0,
        5,
        0,
        0,
        5,
        0,
        0,
        0,
        0,
        0,
        0,
        5,
        0,
        0,
        3,
        0,
        0,
        0,
        3,
        0,
        0,
        2,
        0,
        0,
        0,
        3,
        0,
        2,
        0,
        0,
        3,
        0,
        5,
        0,
        0,
        1,
        0,
        0,
        1,
        1,
        3,
        5,
        4,
        4,
        4,
        2,
        4,
        5,
        5,
        0,
        5,
        3,
        3,
        2,
        3,
        5,
        0,
        1,
        3,
        5,
        4,
        4,
        4,
        5,
        5,
        0,
        5,
        3,
        3,
        2,
        3,
        5,
        0,
        0,
        0,
        0,
        0,
        0,
        0,
        0,
        0,
        0,
        0,
        0
    ],
    "timestep": [
        0,
        0.21300000000000005,
        0.5120000000000002,
        1.0260000000000005,
        1.0470000000000004,
        1.2429999999999997,
        1.527999999999999,
        1.7999999999999978,
        2.0129999999999977,
        2.0309999999999975,
        2.189999999999997,
        2.400999999999996,
        2.5419999999999954,
        2.5589999999999953,
        2.730999999999994,
        2.8889999999999936,
        3.053999999999993,
        3.1259999999999923,
        3.350999999999991,
        3.5599999999999903,
        3.5599999999999903,
        3.8589999999999898,
        4.07399999999999,
        4.07399999999999,
        4.30799999999999,
        4.413999999999989,
        4.586999999999989,
        4.586999999999989,
        4.892999999999988,
        5.097999999999989,
        5.097999999999989,
        5.27199999999999,
        5.46999999999999,
        5.608999999999989,
        5.647999999999989,
        5.8879999999999875,
        6.117999999999989,
        6.117999999999989,
        6.2789999999999875,
        6.496999999999987,
        6.621999999999987,
        6.621999999999987,
        7.126999999999987,
        7.126999999999987,
        7.475999999999986,
        7.635999999999986,
        7.874999999999987,
        8.142999999999988,
        8.436999999999989,
        8.596999999999989,
        8.654999999999989,
        8.797999999999988,
        8.908999999999988,
        9.167999999999985,
        9.673999999999984,
        10.181999999999984,
        10.686999999999983,
        11.193999999999983,
        11.709999999999985,
        12.22399999999999,
        12.736999999999986,
        13.242999999999984,
        13.744999999999983,
        14.250999999999976,
        14.758999999999974,
        15.269999999999971,
        15.775999999999968,
        16.282999999999966,
        16.784999999999965,
        17.29699999999995,
        17.796999999999954,
        18.30899999999995,
        18.822999999999954,
        19.32299999999996,
        19.83099999999995,
        20.33799999999995,
        20.843999999999955,
        21.352999999999952,
        21.86499999999996,
        22.37499999999996,
        22.89299999999996,
        23.40499999999996,
        23.916999999999966,
        24.427999999999965,
        24.940999999999963,
        25.45499999999996,
        25.957999999999966,
        26.37799999999997,
        26.46999999999997,
        26.636999999999972,
        26.871999999999975,
        26.969999999999974,
        27.308999999999983,
        27.47699999999998,
        27.579999999999984,
        27.823999999999987,
        27.98599999999999,
        27.98599999999999,
        28.285
    ],
    "initial_commands": [
        "SliceTomato"
    ],