{
    "level": "l20b",
    "commands_given_planning": [],
    "actions_canceled_planning": [],
    "planning_time": 5.385999999999987,
    "timesteps_planning_time": [],
    "player_actions": [
        5,
        3,
        0,
        4,
        0,
        5,
        3,
        0,
        0,
        3,
        3,
        0,
        3,
        1,
        0,
        1,
        0,
        2,
        0,
        0,
        0,
        4,
        0,
        4,
        0,
        0,
        0,
        0,
        0,
        0,
        0,
        0,
        0,
        0,
        0,
        0,
        0,
        0,
        0,
        0,
        0,
        0,
        0,
        0,
        0,
        0,
        0,
        0,
        0,
        0,
        0,
        0,
        0,
        0,
        0,
        0,
        0,
        0,
        0,
        0,
        0,
        0,
        0,
        0,
        0,
        0,
        0,
        0,
        0,
        0,
        0,
        0,
        0,
        0,
        0,
        0,
        0,
        0,
        0,
        0,
        0,
        0,
        0,
        0,
        0,
        0,
        0,
        0,
        0,
        0,
        0,
        0,
        0,
        0,
        0,
        0,
        0
    ],
    "ai_actions": [
        0,
        0,
        3,
        0,
        5,
        0,
        0,
        2,
        2,
        0,
        0,
        2,
        0,
        0,
        2,
        0,
        5,
        0,
        5,
        0,
        5,
        0,
        1,
        0,
        1,
        1,
        1,
        1,
        1,
        1,
        1,
        3,
        5,
        0,
        2,
        2,
        2,
        2,
        2,
        2,
        4,
        4,
        2,
        4,
        2,
        4,
        5,
        3,
        3,
        3,
        2,
        5,
        5,
        0,
        5,
        1,
        1,
        1,
        1,
        1,
        1,
        1,
        1,
        3,
        5,
        0,
        1,
        5,
        2,
        2,
        2,
        2,
        2,
        2,
        2,
        2,
        5,
        5,
        0,
        5,
        1,
        1,
        1,
        1,
        1,
        1,
        1,
        1,
        3,
        5,
        0,
        5,
        2,
        2,
        2,
        3,
        5
    ],
    "timestep": [
        0,
        0.127,
        0.5000000000000002,
        0.8090000000000005,
        1.0130000000000006,
        1.0310000000000006,
        1.2800000000000002,
        1.5249999999999995,
        2.035999999999998,
        2.1869999999999967,
        2.3979999999999966,
        2.541999999999996,
        2.704999999999995,
        3.0299999999999945,
        3.0449999999999946,
        3.2239999999999935,
        3.5479999999999925,
        3.870999999999991,
        4.05899999999999,
        4.559999999999989,
        5.066999999999988,
        5.348999999999986,
        5.576999999999985,
        5.576999999999985,
        6.090999999999983,
        6.6029999999999855,
        7.111999999999988,
        7.615999999999988,
        8.119999999999989,
        8.629999999999981,
        9.130999999999982,
        9.636999999999981,
        10.148999999999985,
        10.656999999999984,
        11.164999999999983,
        11.675999999999984,
        12.18599999999998,
        12.697999999999983,
        13.21299999999998,
        13.722999999999978,
        14.231999999999982,
        14.731999999999983,
        15.244999999999983,
        15.75299999999998,
        16.262999999999977,
        16.77399999999997,
        17.28599999999996,
        17.78799999999995,
        18.294999999999963,
        18.797999999999973,
        19.30699999999997,
        19.816999999999968,
        20.330999999999964,
        20.837999999999962,
        21.341999999999967,
        21.850999999999978,
        22.357999999999997,
        22.859999999999996,
        23.370999999999984,
        23.881999999999984,
        24.385,
        24.90099999999999,
        25.404000000000003,
        25.912999999999986,
        26.42099999999998,
        26.931999999999984,
        27.444999999999986,
        27.947,
        28.448000000000004,
        28.95000000000001,
        29.457000000000015,
        29.969000000000023,
        30.481000000000034,
        30.99200000000004,
        31.501000000000037,
        32.009000000000036,
        32.51300000000005,
        33.01400000000006,
        33.52100000000008,
        34.03100000000009,
        34.53700000000012,
        35.04900000000014,
        35.554000000000144,
        36.05500000000014,
        36.56200000000014,
        37.07800000000014,
        37.586000000000155,
        38.093000000000174,
        38.602000000000196,
        39.10800000000018,
        39.61600000000019,
        40.11800000000024,
        40.62800000000025,
        41.128000000000256,
        41.63600000000025,
        42.136000000000266,
        42.64900000000028
    ],
    "initial_commands": [
        "SliceTomato"
    ],