{
    "level": "l15b",
    "commands_given_planning": [
        [
            "GiveOnion"
        ],
        []
    ],
    "actions_canceled_planning": [
        [],
        [
            "SliceLettuce"
        ]
    ],
    "planning_time": 13.874999999999957,
    "timesteps_planning_time": [
        11.208999999999973,
        12.541999999999964
    ],
    "player_actions": [
        2,
        2,
        2,
        0,
        2,
        2,
        2,
        0,
        2,
        3,
        0,
        5,
        1,
        1,
        1,
        0,
        1,
        1,
        0,
        1,
        1,
        3,
        0,
        5,
        5,
        5,
        0,
        2,
        2,
        2,
        0,
        2,
        2,
        2,
        0,
        2,
        2,
        0,
        4,
        2,
        5,
        0,
        1,
        2,
        0,
        5,
        0,
        1,
        1,
        1,
        0,
        1,
        1,
        1,
        0,
        1,
        4,
        0,
        4,
        2,
        2,
        0,
        2,
        4,
        1,
        0,
        5,
        2,
        0,
        4,
        5,
        1,
        0,
        1,
        1,
        1,
        0,
        4,
        5,
        0,
        3,
        3,
        0,
        3,
        5,
        5,
        0,
        5,
        2,
        2,
        0,
        2,
        2,
        4,
        0,
        4,
        4,
        5,
        0,
        5,
        2,
        0,
        2,
        2,
        4,
        5,
        0,
        0,
        0,
        0,
        5,
        3,
        0,
        3,
        1,
        1,
        0,
        4,
        1,
        1,
        0,
        1,
        1,
        1,
        0,
        5
    ],
    "ai_actions": [
        0,
        0,
        0,
        1,
        0,
        0,
        0,
        1,
        0,
        0,
        1,
        0,
        0,
        0,
        0,
        1,
        0,
        0,
        1,
        0,
        0,
        0,
        1,
        0,
        0,
        0,
        1,
        0,
        0,
        0,
        1,
        0,
        0,
        0,
        4,
        0,
        0,
        5,
        0,
        0,
        0,
        3,
        0,
        0,
        3,
        0,
        3,
        0,
        0,
        0,
        5,
        0,
        0,
        0,
        2,
        0,
        0,
        2,
        0,
        0,
        0,
        2,
        0,
        0,
        0,
        2,
        0,
        0,
        2,
        0,
        0,
        0,
        2,
        0,
        0,
        0,
        2,
        0,
        0,
        4,
        0,
        0,
        2,
        0,
        0,
        0,
        5,
        0,
        0,
        0,
        3,
        0,
        0,
        0,
        5,
        0,
        0,
        0,
        5,
        0,
        0,
        0,
        0,
        0,
        0,
        0,
        5,
        1,
        3,
        5,
        0,
        0,
        0,
        0,
        0,
        0,
        0,
        0,
        0,
        0,
        0,
        0,
        0,
        0,
        0,
        0
    ],
    "timestep": [
        0,
        0.198,
        0.37400000000000017,
        0.5040000000000002,
        0.5650000000000003,
        0.7630000000000005,
        0.9470000000000006,
        1.0070000000000006,
        1.1040000000000005,
        1.3949999999999998,
        1.5179999999999998,
        1.5499999999999998,
        1.6679999999999993,
        1.849999999999999,
        2.0159999999999982,
        2.032999999999998,
        2.1849999999999974,
        2.363999999999997,
        2.5439999999999965,
        2.5439999999999965,
        2.7159999999999966,
        2.897999999999996,
        3.056999999999995,
        3.085999999999995,
        3.2999999999999954,
        3.447999999999994,
        3.567999999999993,
        3.567999999999993,
        3.7389999999999923,
        3.9199999999999915,
        4.074999999999991,
        4.107999999999992,
        4.280999999999993,
        4.475999999999992,
        4.584999999999992,
        4.643999999999992,
        4.883999999999992,
        5.087999999999993,
        5.1319999999999935,
        5.384999999999993,
        5.587999999999992,
        5.604999999999992,
        5.785999999999992,
        6.0759999999999925,
        6.1079999999999925,
        6.462999999999994,
        6.610999999999993,
        6.610999999999993,
        6.800999999999992,
        6.987999999999992,
        7.118999999999992,
        7.1499999999999915,
        7.319999999999992,
        7.502999999999991,
        7.623999999999992,
        7.674999999999991,
        8.00899999999999,
        8.12699999999999,
        8.18899999999999,
        8.353999999999992,
        8.534999999999988,
        8.635999999999989,
        8.737999999999989,
        8.957999999999991,
        9.123999999999988,
        9.137999999999987,
        9.242999999999986,
        9.540999999999986,
        9.639999999999986,
        9.782999999999987,
        9.854999999999986,
        10.027999999999986,
        10.144999999999984,
        10.202999999999983,
        10.377999999999982,
        10.545999999999983,
        10.651999999999985,
        10.702999999999985,
        10.855999999999986,
        11.163999999999984,
        11.318999999999981,
        11.498999999999981,
        11.66699999999998,
        11.68599999999998,
        11.866999999999981,
        12.067999999999978,
        12.17499999999998,
        12.23199999999998,
        12.37199999999998,
        12.550999999999982,
        12.686999999999983,
        12.735999999999983,
        12.907999999999983,
        13.134999999999984,
        13.193999999999983,
        13.313999999999982,
        13.476999999999983,
        13.686999999999983,
        13.701999999999984,
        13.913999999999984,
        14.078999999999981,
        14.210999999999983,
        14.261999999999981,
        14.43699999999998,
        14.615999999999977,
        14.695999999999975,
        14.726999999999975,
        15.236999999999975,
        15.737999999999973,
        16.240999999999968,
        16.482999999999972,
        16.561999999999973,
        16.751999999999974,
        16.751999999999974,
        16.902999999999974,
        17.08399999999998,
        17.253999999999984,
        17.303999999999984,
        17.457999999999988,
        17.63299999999999,
        17.75599999999999,
        17.80399999999999,
        17.969999999999995,
        18.159000000000002,
        18.257,
        18.452000000000005
    ],
    "initial_commands": [
        "SliceLettuce"
    ],