{
    "level": "l13b",
    "commands_given_planning": [
        [],
        [
            "SliceTomato"
        ]
    ],
    "actions_canceled_planning": [
        [
            "SliceTomato"
        ],
        []
    ],
    "planning_time": 12.423999999999952,
    "timesteps_planning_time": [
        1.5339999999999991,
        11.062999999999962
    ],
    "player_actions": [
        4,
        5,
        2,
        0,
        2,
        2,
        2,
        0,
        2,
        2,
        2,
        0,
        3,
        3,
        2,
        0,
        3,
        3,
        0,
        5,
        5,
        5,
        0,
        4,
        4,
        4,
        0,
        4,
        5,
        1,
        1,
        0,
        1,
        1,
        0,
        4,
        5,
        2,
        2,
        0,
        2,
        2,
        2,
        0,
        3,
        3,
        0,
        3,
        5,
        0,
        5,
        5,
        4,
        0,
        4,
        4,
        0,
        5,
        0,
        0,
        0,
        0,
        0,
        0,
        0,
        0,
        1,
        0,
        1,
        1,
        1,
        0,
        1,
        2,
        0,
        2,
        2,
        2,
        0,
        2,
        0,
        0,
        0,
        1,
        0,
        0,
        0,
        0,
        0,
        2,
        0,
        4,
        0,
        5,
        2,
        2,
        0,
        3,
        2,
        0,
        5
    ],
    "ai_actions": [
        0,
        0,
        0,
        2,
        0,
        0,
        0,
        2,
        0,
        0,
        0,
        2,
        0,
        0,
        0,
        2,
        0,
        0,
        2,
        0,
        0,
        0,
        2,
        0,
        0,
        0,
        2,
        0,
        0,
        0,
        0,
        2,
        0,
        0,
        5,
        0,
        0,
        0,
        0,
        1,
        0,
        0,
        0,
        1,
        0,
        0,
        1,
        0,
        0,
        1,
        0,
        0,
        0,
        1,
        0,
        0,
        1,
        0,
        1,
        1,
        5,
        5,
        0,
        5,
        3,
        3,
        0,
        2,
        0,
        0,
        0,
        2,
        0,
        0,
        2,
        0,
        0,
        0,
        2,
        0,
        2,
        2,
        2,
        0,
        3,
        5,
        5,
        2,
        3,
        0,
        5,
        0,
        0,
        0,
        0,
        0,
        0,
        0,
        0,
        0,
        0
    ],
    "timestep": [
        0,
        0.225,
        0.3420000000000001,
        0.5110000000000002,
        0.5300000000000002,
        0.7090000000000004,
        0.8840000000000006,
        1.0230000000000006,
        1.0400000000000005,
        1.2059999999999997,
        1.3919999999999992,
        1.537999999999999,
        1.6779999999999986,
        1.8619999999999977,
        2.009999999999997,
        2.038999999999997,
        2.184999999999996,
        2.3829999999999956,
        2.541999999999994,
        2.541999999999994,
        2.741999999999993,
        2.9239999999999924,
        3.0469999999999917,
        3.0469999999999917,
        3.242999999999991,
        3.428999999999989,
        3.554999999999988,
        3.586999999999988,
        3.6879999999999877,
        3.861999999999987,
        4.050999999999987,
        4.067999999999987,
        4.223999999999987,
        4.392999999999986,
        4.571999999999985,
        4.571999999999985,
        4.698999999999986,
        4.859999999999984,
        5.042999999999985,
        5.084999999999985,
        5.242999999999986,
        5.4059999999999855,
        5.577999999999984,
        5.595999999999984,
        5.804999999999983,
        5.995999999999983,
        6.096999999999982,
        6.168999999999982,
        6.424999999999982,
        6.602999999999982,
        6.618999999999982,
        6.813999999999982,
        7.088999999999981,
        7.117999999999981,
        7.293999999999982,
        7.492999999999982,
        7.629999999999982,
        7.692999999999982,
        8.136999999999983,
        8.641999999999982,
        9.154999999999982,
        9.656999999999982,
        10.169999999999982,
        10.675999999999982,
        11.177999999999987,
        11.685999999999984,
        12.068999999999983,
        12.193999999999981,
        12.22499999999998,
        12.40999999999998,
        12.57999999999998,
        12.705999999999984,
        12.778999999999984,
        13.008999999999984,
        13.207999999999984,
        13.207999999999984,
        13.394999999999984,
        13.568999999999981,
        13.71999999999998,
        13.75499999999998,
        14.23199999999998,
        14.740999999999978,
        15.243999999999977,
        19.246000000000013,
        20.74500000000002,
        21.25400000000002,
        21.754000000000023,
        22.256000000000018,
        22.769000000000023,
        23.181000000000015,
        23.276000000000014,
        23.622000000000025,
        23.789000000000026,
        23.868000000000023,
        23.99400000000002,
        24.213000000000026,
        24.302000000000024,
        24.500000000000032,
        24.709000000000035,
        24.810000000000038,
        24.87600000000004
    ],
    "initial_commands": [
        "SliceTomato"
    ],