{
    "level": "l6b",
    "commands_given_planning": [
        [
            "DoNothing"
        ],
        [],
        [],
        [
            "GivePlate"
        ]
    ],
    "actions_canceled_planning": [
        [],
        [
            "SliceTomato"
        ],
        [
            "DoNothing"
        ],
        []
    ],
    "planning_time": 20.375999999999873,
    "timesteps_planning_time": [
        14.06499999999996,
        18.140999999999913,
        18.37199999999991,
        19.412999999999894
    ],
    "player_actions": [
        4,
        2,
        2,
        0,
        1,
        1,
        0,
        4,
        5,
        2,
        0,
        2,
        4,
        5,
        0,
        5,
        5,
        2,
        0,
        2,
        4,
        0,
        1,
        4,
        5,
        2,
        0,
        2,
        2,
        0,
        5,
        1,
        1,
        0,
        1,
        1,
        4,
        5,
        0,
        5,
        5,
        0,
        1,
        4,
        5,
        1,
        0,
        1,
        1,
        4,
        0,
        5,
        2,
        2,
        0,
        2,
        4,
        0,
        2,
        4,
        5,
        0,
        5,
        5,
        2,
        0,
        2,
        4,
        5,
        0,
        1,
        1,
        1,
        4,
        0,
        5,
        2,
        2,
        0,
        2,
        4,
        0,
        5,
        3,
        5,
        0,
        4,
        4,
        5,
        3,
        0,
        1,
        1,
        3,
        0,
        3,
        5
    ],
    "ai_actions": [
        0,
        0,
        0,
        4,
        0,
        0,
        4,
        0,
        0,
        0,
        1,
        0,
        0,
        0,
        1,
        0,
        0,
        0,
        4,
        0,
        0,
        5,
        0,
        0,
        0,
        0,
        3,
        0,
        0,
        3,
        0,
        0,
        0,
        3,
        0,
        0,
        0,
        0,
        5,
        0,
        0,
        1,
        0,
        0,
        0,
        0,
        3,
        0,
        0,
        0,
        5,
        0,
        0,
        0,
        2,
        0,
        0,
        3,
        0,
        0,
        0,
        5,
        0,
        0,
        0,
        0,
        0,
        0,
        0,
        1,
        0,
        0,
        0,
        0,
        1,
        0,
        0,
        0,
        0,
        0,
        0,
        0,
        0,
        0,
        0,
        0,
        0,
        0,
        0,
        0,
        0,
        0,
        0,
        0,
        0,
        0,
        0
    ],
    "timestep": [
        0,
        0.30200000000000005,
        0.4870000000000002,
        0.5020000000000002,
        0.7560000000000004,
        0.9340000000000006,
        1.0130000000000006,
        1.0700000000000005,
        1.2120000000000002,
        1.3339999999999996,
        1.5159999999999991,
        1.561999999999999,
        1.8169999999999982,
        1.9489999999999978,
        2.0229999999999975,
        2.1299999999999972,
        2.289999999999997,
        2.3729999999999967,
        2.534999999999996,
        2.594999999999996,
        2.6969999999999956,
        3.042999999999995,
        3.042999999999995,
        3.249999999999994,
        3.3819999999999935,
        3.501999999999993,
        3.549999999999993,
        3.673999999999993,
        3.8549999999999924,
        4.060999999999992,
        4.167999999999992,
        4.288999999999991,
        4.45699999999999,
        4.57199999999999,
        4.63699999999999,
        4.8009999999999895,
        4.920999999999988,
        5.042999999999988,
        5.084999999999988,
        5.220999999999988,
        5.370999999999988,
        5.601999999999987,
        5.620999999999987,
        5.793999999999986,
        5.900999999999986,
        6.004999999999985,
        6.1029999999999855,
        6.190999999999986,
        6.359999999999985,
        6.570999999999985,
        6.617999999999984,
        6.776999999999983,
        6.8969999999999825,
        7.081999999999981,
        7.128999999999982,
        7.249999999999982,
        7.464999999999983,
        7.633999999999983,
        7.7589999999999835,
        7.949999999999984,
        8.052999999999983,
        8.136999999999983,
        8.252999999999984,
        8.403999999999984,
        8.488999999999983,
        8.651999999999981,
        8.651999999999981,
        8.870999999999983,
        8.984999999999982,
        9.15699999999998,
        9.15699999999998,
        9.32099999999998,
        9.479999999999979,
        9.602999999999978,
        9.673999999999978,
        9.723999999999977,
        9.851999999999977,
        10.036999999999974,
        10.18399999999997,
        10.45399999999997,
        10.67399999999997,
        10.69599999999997,
        10.820999999999968,
        10.963999999999968,
        11.075999999999967,
        11.207999999999968,
        11.289999999999969,
        11.468999999999967,
        11.549999999999967,
        11.69099999999997,
        11.72299999999997,
        11.858999999999972,
        12.047999999999972,
        12.128999999999973,
        12.222999999999974,
        12.331999999999974,
        12.502999999999973
    ],
    "initial_commands": [
        "SliceTomato"
    ],