{
    "level": "l8b",
    "commands_given_planning": [
        [
            "SliceOnion"
        ],
        [
            "SliceLettuce"
        ],
        []
    ],
    "actions_canceled_planning": [
        [],
        [],
        [
            "SliceTomato"
        ]
    ],
    "planning_time": 9.580999999999984,
    "timesteps_planning_time": [
        7.3739999999999855,
        7.899999999999985,
        8.692999999999984
    ],
    "player_actions": [
        1,
        4,
        1,
        0,
        4,
        5,
        0,
        2,
        2,
        0,
        4,
        5,
        0,
        3,
        3,
        0,
        3,
        5,
        0,
        1,
        4,
        0,
        4,
        4,
        0,
        4,
        5,
        0,
        0,
        0,
        0,
        0,
        0,
        0,
        0,
        0,
        0,
        0,
        0,
        0,
        0,
        0,
        0,
        0,
        0,
        0,
        0,
        0,
        0,
        0,
        0,
        0,
        0,
        0,
        0,
        4,
        0,
        0,
        0,
        0,
        0,
        0,
        0,
        0,
        0,
        0,
        0,
        0,
        0,
        0,
        0,
        0,
        0,
        0,
        5,
        1,
        0,
        1,
        1,
        3,
        0,
        2,
        2,
        0,
        3,
        3,
        0,
        3,
        5
    ],
    "ai_actions": [
        0,
        0,
        0,
        4,
        0,
        0,
        5,
        0,
        0,
        3,
        0,
        0,
        3,
        0,
        0,
        3,
        0,
        0,
        2,
        0,
        0,
        5,
        0,
        0,
        5,
        0,
        0,
        0,
        4,
        4,
        4,
        2,
        5,
        0,
        5,
        3,
        3,
        3,
        2,
        5,
        1,
        3,
        5,
        0,
        2,
        3,
        5,
        2,
        5,
        5,
        0,
        5,
        1,
        3,
        5,
        0,
        0,
        4,
        4,
        4,
        2,
        5,
        3,
        3,
        3,
        2,
        5,
        5,
        0,
        5,
        1,
        3,
        5,
        0,
        0,
        0,
        0,
        0,
        0,
        0,
        0,
        0,
        0,
        0,
        0,
        0,
        0,
        0,
        0
    ],
    "timestep": [
        0,
        0.21500000000000005,
        0.4360000000000002,
        0.5010000000000002,
        0.6070000000000003,
        0.9000000000000006,
        1.0070000000000006,
        1.0530000000000004,
        1.2259999999999998,
        1.5179999999999991,
        1.553999999999999,
        1.7199999999999986,
        2.0189999999999975,
        2.312999999999997,
        2.498999999999996,
        2.524999999999996,
        2.6929999999999956,
        2.9679999999999946,
        3.0389999999999944,
        3.128999999999994,
        3.3859999999999926,
        3.5439999999999925,
        3.5919999999999925,
        3.7699999999999916,
        4.047999999999991,
        4.098999999999991,
        4.3089999999999895,
        4.55499999999999,
        5.06599999999999,
        5.570999999999991,
        6.084999999999989,
        6.601999999999986,
        7.108999999999981,
        7.619999999999981,
        8.123999999999977,
        8.637999999999975,
        9.146999999999974,
        9.659999999999977,
        10.164999999999973,
        10.67499999999997,
        11.183999999999966,
        11.69299999999997,
        12.192999999999973,
        12.70199999999997,
        13.212999999999967,
        13.721999999999964,
        14.223999999999958,
        14.730999999999957,
        15.244999999999957,
        15.749999999999961,
        16.255999999999954,
        16.756999999999948,
        17.257999999999953,
        17.765999999999956,
        18.272999999999957,
        18.41599999999996,
        18.77899999999997,
        19.28899999999997,
        19.800999999999977,
        20.303999999999977,
        20.804999999999982,
        21.30799999999998,
        21.814999999999962,
        22.324999999999964,
        22.837999999999973,
        23.34999999999998,
        23.851999999999983,
        24.35199999999999,
        24.861999999999988,
        25.366999999999994,
        25.87099999999999,
        26.383000000000003,
        26.893000000000015,
        27.39500000000001,
        27.497000000000007,
        27.744000000000003,
        27.902000000000008,
        27.922000000000008,
        28.14700000000001,
        28.39100000000002,
        28.40900000000002,
        28.606000000000023,
        28.80800000000003,
        28.917000000000026,
        29.04500000000003,
        29.266000000000034,
        29.422000000000043,
        29.422000000000043,
        29.611000000000047
    ],
    "initial_commands": [
        "SliceTomato"
    ],