{
    "level": "l5b",
    "commands_given_planning": [],
    "actions_canceled_planning": [],
    "planning_time": 1.934999999999998,
    "timesteps_planning_time": [],
    "player_actions": [
        4,
        0,
        0,
        0,
        5,
        0,
        2,
        2,
        2,
        0,
        2,
        0,
        4,
        5,
        5,
        0,
        5,
        2,
        2,
        0,
        2,
        2,
        0,
        4,
        5,
        0,
        0,
        0,
        0,
        0,
        0,
        0,
        0,
        0,
        0,
        0,
        0,
        0,
        0,
        0,
        0,
        0,
        0,
        0,
        0,
        0,
        0,
        0,
        0,
        0,
        0,
        0,
        0,
        0,
        0,
        0,
        0,
        0,
        0,
        0,
        0,
        0,
        0,
        0,
        0,
        0,
        0,
        0,
        0,
        0,
        0,
        0,
        0,
        0,
        0,
        0,
        0,
        5,
        0,
        2,
        5
    ],
    "ai_actions": [
        0,
        1,
        1,
        1,
        0,
        0,
        0,
        0,
        0,
        1,
        0,
        1,
        0,
        0,
        0,
        1,
        0,
        0,
        0,
        3,
        0,
        0,
        5,
        0,
        0,
        2,
        2,
        3,
        5,
        5,
        0,
        2,
        2,
        2,
        2,
        3,
        5,
        2,
        5,
        0,
        1,
        1,
        1,
        1,
        3,
        5,
        2,
        2,
        2,
        2,
        5,
        0,
        4,
        4,
        4,
        2,
        5,
        3,
        1,
        1,
        1,
        1,
        3,
        3,
        5,
        5,
        0,
        5,
        2,
        2,
        2,
        2,
        5,
        0,
        5,
        3,
        5,
        0,
        0,
        0,
        0
    ],
    "timestep": [
        0,
        0.5110000000000003,
        1.0170000000000008,
        1.523999999999999,
        1.9019999999999975,
        2.0429999999999975,
        2.0429999999999975,
        2.2189999999999968,
        2.399999999999996,
        2.556999999999995,
        2.9169999999999936,
        3.069999999999993,
        3.197999999999993,
        3.3589999999999924,
        3.5519999999999925,
        3.5819999999999927,
        3.7099999999999924,
        3.8369999999999918,
        4.0459999999999905,
        4.086999999999991,
        4.237999999999991,
        4.39599999999999,
        4.588999999999991,
        4.6599999999999895,
        4.842999999999988,
        5.093999999999987,
        5.598999999999984,
        6.101999999999983,
        6.60899999999998,
        7.11499999999998,
        7.632999999999978,
        8.144999999999976,
        8.653999999999971,
        9.157999999999967,
        9.667999999999964,
        10.182999999999963,
        10.697999999999968,
        11.200999999999967,
        11.704999999999965,
        12.209999999999964,
        12.711999999999955,
        13.22399999999995,
        13.73199999999995,
        14.241999999999944,
        14.749999999999943,
        15.254999999999937,
        15.767999999999937,
        16.26799999999994,
        16.780999999999946,
        17.293999999999954,
        17.80299999999995,
        18.30799999999995,
        18.81899999999996,
        19.330999999999978,
        19.831999999999976,
        20.335999999999977,
        20.84599999999998,
        21.351999999999983,
        21.85999999999998,
        22.364999999999984,
        22.871999999999993,
        23.37299999999999,
        23.872999999999994,
        24.378000000000004,
        24.87800000000001,
        25.392,
        25.898000000000007,
        26.406000000000006,
        26.906000000000017,
        27.410000000000036,
        27.918000000000035,
        28.42300000000004,
        28.929000000000052,
        29.43200000000006,
        29.937000000000065,
        30.43900000000008,
        30.952000000000083,
        31.427000000000085,
        31.456000000000085,
        31.574000000000087,
        31.811000000000092
    ],
    "initial_commands": [
        "SliceTomato"
    ],