{
    "level": "l3b",
    "commands_given_planning": [],
    "actions_canceled_planning": [],
    "planning_time": 2.127999999999997,
    "timesteps_planning_time": [],
    "player_actions": [
        1,
        1,
        3,
        0,
        5,
        2,
        2,
        0,
        2,
        0,
        4,
        4,
        0,
        4,
        1,
        0,
        4,
        5,
        2,
        0,
        3,
        3,
        1,
        0,
        3,
        5,
        0,
        4,
        2,
        0,
        4,
        4,
        0,
        4,
        5,
        0,
        0,
        0,
        0,
        0,
        0,
        0,
        0,
        0,
        0,
        0,
        0,
        0,
        0,
        0,
        0,
        0,
        0,
        0,
        0,
        0,
        0,
        0,
        0,
        0,
        0,
        0,
        0,
        0,
        0,
        0,
        0,
        0,
        0,
        0,
        0,
        0,
        0,
        0,
        0,
        0,
        0,
        0,
        0,
        0,
        0,
        0,
        0,
        0,
        0,
        0,
        0
    ],
    "ai_actions": [
        0,
        0,
        0,
        1,
        0,
        0,
        0,
        1,
        0,
        4,
        0,
        0,
        5,
        0,
        0,
        2,
        0,
        0,
        0,
        2,
        0,
        0,
        0,
        4,
        0,
        0,
        5,
        0,
        0,
        5,
        0,
        0,
        0,
        0,
        0,
        5,
        3,
        1,
        3,
        3,
        5,
        5,
        2,
        2,
        3,
        5,
        0,
        1,
        1,
        1,
        3,
        5,
        4,
        4,
        2,
        4,
        2,
        4,
        5,
        5,
        0,
        5,
        3,
        3,
        2,
        3,
        5,
        0,
        1,
        3,
        5,
        4,
        4,
        4,
        5,
        5,
        0,
        5,
        3,
        3,
        2,
        3,
        5,
        0,
        5,
        2,
        5
    ],
    "timestep": [
        0,
        0.17700000000000005,
        0.4410000000000003,
        0.5080000000000003,
        0.6270000000000004,
        0.7580000000000006,
        0.9630000000000007,
        1.0080000000000007,
        1.1510000000000002,
        1.5159999999999993,
        1.767999999999999,
        1.9749999999999985,
        2.0199999999999982,
        2.1529999999999974,
        2.4709999999999956,
        2.5299999999999954,
        2.618999999999995,
        2.744999999999994,
        2.882999999999994,
        3.0419999999999927,
        3.156999999999992,
        3.400999999999991,
        3.52099999999999,
        3.55199999999999,
        3.7019999999999893,
        3.9479999999999884,
        4.067999999999988,
        4.149999999999988,
        4.48799999999999,
        4.5749999999999895,
        4.832999999999989,
        5.065999999999988,
        5.081999999999988,
        5.292999999999988,
        5.545999999999988,
        5.595999999999988,
        6.104999999999988,
        6.619999999999989,
        7.124999999999988,
        7.633999999999985,
        8.136999999999984,
        8.637999999999982,
        9.14099999999998,
        9.64699999999998,
        10.159999999999979,
        10.668999999999977,
        11.172999999999977,
        11.672999999999982,
        12.173999999999982,
        12.684999999999976,
        13.190999999999974,
        13.701999999999977,
        14.21299999999997,
        14.719999999999965,
        15.230999999999963,
        15.737999999999962,
        16.24699999999996,
        16.752999999999957,
        17.259999999999966,
        17.760999999999964,
        18.26399999999996,
        18.772999999999957,
        19.277999999999953,
        19.790999999999954,
        20.29899999999996,
        20.80799999999997,
        21.317999999999977,
        21.819999999999986,
        22.321999999999978,
        22.825999999999983,
        23.335999999999988,
        23.836,
        24.342000000000006,
        24.847000000000033,
        25.357000000000053,
        25.858000000000054,
        26.366000000000053,
        26.871000000000066,
        27.38500000000007,
        27.88500000000008,
        28.399000000000086,
        28.901000000000096,
        29.402000000000104,
        29.906000000000112,
        30.410000000000114,
        30.915000000000127,
        31.424000000000127
    ],
    "initial_commands": [
        "SliceTomato"
    ],