{
    "level": "l1b",
    "commands_given_planning": [],
    "actions_canceled_planning": [],
    "planning_time": 7.517999999999983,
    "timesteps_planning_time": [],
    "player_actions": [
        3,
        5,
        1,
        0,
        1,
        3,
        5,
        0,
        5,
        5,
        2,
        0,
        2,
        2,
        2,
        0,
        2,
        2,
        4,
        0,
        4,
        4,
        4,
        0,
        5,
        2,
        2,
        0,
        4,
        5,
        1,
        0,
        1,
        1,
        1,
        0,
        1,
        1,
        1,
        0,
        1,
        3,
        3,
        0,
        3,
        3,
        5,
        0,
        5,
        5,
        2,
        0,
        2,
        2,
        2,
        0,
        2,
        2,
        0,
        4,
        4,
        4,
        0,
        5,
        5,
        0,
        2,
        2,
        5
    ],
    "ai_actions": [
        0,
        0,
        0,
        1,
        0,
        0,
        0,
        1,
        0,
        0,
        0,
        4,
        0,
        0,
        0,
        5,
        0,
        0,
        0,
        2,
        0,
        0,
        0,
        2,
        0,
        0,
        0,
        4,
        0,
        0,
        0,
        5,
        0,
        0,
        0,
        5,
        0,
        0,
        0,
        0,
        0,
        0,
        0,
        5,
        0,
        0,
        0,
        3,
        0,
        0,
        0,
        3,
        0,
        0,
        0,
        3,
        0,
        0,
        5,
        0,
        0,
        0,
        0,
        0,
        0,
        0,
        0,
        0,
        0
    ],
    "timestep": [
        0,
        0.3200000000000002,
        0.4880000000000003,
        0.5040000000000003,
        0.6740000000000005,
        0.7990000000000006,
        0.9780000000000008,
        1.0050000000000008,
        1.1620000000000004,
        1.3,
        1.4039999999999995,
        1.5139999999999993,
        1.588999999999999,
        1.7379999999999987,
        1.931999999999998,
        2.018999999999998,
        2.1189999999999976,
        2.3069999999999973,
        2.466999999999997,
        2.5259999999999967,
        2.6669999999999963,
        2.8329999999999957,
        2.9499999999999953,
        3.0269999999999953,
        3.1299999999999946,
        3.239999999999994,
        3.4239999999999933,
        3.531999999999993,
        3.644999999999993,
        3.7619999999999925,
        3.877999999999992,
        4.0409999999999915,
        4.059999999999992,
        4.222999999999993,
        4.390999999999993,
        4.550999999999994,
        4.571999999999994,
        4.768999999999994,
        4.936999999999993,
        5.0549999999999935,
        5.132999999999993,
        5.289999999999993,
        5.475999999999992,
        5.556999999999992,
        5.660999999999992,
        5.808999999999991,
        5.970999999999992,
        6.064999999999992,
        6.171999999999992,
        6.32399999999999,
        6.41399999999999,
        6.57699999999999,
        6.59699999999999,
        6.770999999999988,
        6.931999999999988,
        7.078999999999988,
        7.114999999999988,
        7.464999999999989,
        7.590999999999989,
        7.678999999999988,
        7.883999999999988,
        8.065999999999988,
        8.097999999999988,
        8.306999999999988,
        8.563999999999988,
        8.603999999999989,
        8.715999999999987,
        8.894999999999985,
        9.073999999999984
    ],
    "initial_commands": [
        "SliceTomato"
    ],
    "command_stacks": [
        [
            "SliceTomato"
        ],
        [
            "SliceTomato"
        ],
        [
            "SliceTomato"
        ],
        [
            "SliceTomato"
        ],
        [
            "SliceTomato"
        ],
        [
            "SliceTomato"
        ],
        [
            "SliceTomato"
        ],
        [
            "SliceTomato"
        ],
        [
            "SliceTomato"
        ],
        [
            "SliceTomato"
        ],
        [
            "SliceTomato"
        ],
        [
            "SliceTomato"
        ],
        [
            "SliceTomato"
        ],
        [
            "SliceTomato"
        ],
        [
            "SliceTomato"
        ],
        [
            "SliceTomato"
        ],
        [
            "SliceTomato"
        ],
        [
            "SliceTomato"
        ],
        [
            "SliceTomato"
        ],
        [
            "SliceTomato"
        ],
        [
            "SliceTomato"
        ],
        [
            "SliceTomato"
        ],
        [
            "SliceTomato"
        ],
        [
            "SliceTomato"
        ],
        [
            "SliceTomato"
        ],
        [
            "SliceTomato"
        ],
        [
            "SliceTomato"
        ],
        [
            "SliceTomato"
        ],
        [
            "SliceTomato"
        ],
        [
            "SliceTomato"
        ],
        [
            "SliceTomato"
        ],
        [
            "SliceTomato"
        ],
        [
            "SliceTomato"
        ],
        [
            "SliceTomato"
        ],
        [
            "SliceTomato"
        ],
        [
            "SliceTomato"
        ],
        [
            "SliceTomato"
        ],
        [
            "SliceTomato"
        ],
        [
            "SliceTomato"
        ],
        [
            "ChoppedTomatoPlate"
        ],
        [
            "ChoppedTomatoPlate"
        ],
        [
            "ChoppedTomatoPlate"
        ],
        [
            "ChoppedTomatoPlate"
        ],
        [
            "ChoppedTomatoPlate"
        ],
        [
            "ChoppedTomatoPlate"
        ],
        [
            "ChoppedTomatoPlate"
        ],
        [
            "ChoppedTomatoPlate"
        ],
        [
            "ChoppedTomatoPlate"
        ],
        [
            "ChoppedTomatoPlate"
        ],
        [
            "ChoppedTomatoPlate"
        ],
        [
            "ChoppedTomatoPlate"
        ],
        [
            "ChoppedTomatoPlate"
        ],
        [
            "ChoppedTomatoPlate"
        ],
        [
            "ChoppedTomatoPlate"
        ],
        [
            "ChoppedTomatoPlate"
        ],
        [
            "ChoppedTomatoPlate"
        ],
        [
            "ChoppedTomatoPlate"
        ],
        [
            "ChoppedTomatoPlate"
        ],
        [
            "ChoppedTomatoPlate"
        ],
        [
            "ChoppedTomatoPlate"
        ],
        [
            "ChoppedTomatoPlate"
        ],
        [
            "ChoppedTomatoPlate"
        ],
        [],
        [],
        [],
        [],
        [],
        [],
        []
    ],