{
    "level": "l10b",
    "commands_given_planning": [],
    "actions_canceled_planning": [],
    "planning_time": 1.0010000000000006,
    "timesteps_planning_time": [],
    "player_actions": [
        5,
        1,
        4,
        5,
        0,
        5,
        5,
        0,
        2,
        2,
        2,
        0,
        2,
        2,
        0,
        2,
        4,
        0,
        5,
        5,
        1,
        0,
        1,
        1,
        4,
        5,
        0,
        0,
        2,
        1,
        0,
        4,
        5,
        0,
        1,
        0,
        1,
        4,
        0,
        0,
        0,
        0,
        0,
        0,
        0,
        1,
        0,
        4,
        5,
        0,
        2,
        2,
        4,
        0,
        5,
        0,
        0,
        0,
        0,
        0,
        0,
        0,
        0,
        0,
        0,
        0,
        0,
        0,
        0,
        0,
        0,
        0,
        0,
        0,
        0,
        0,
        0,
        0,
        0,
        0,
        0,
        0,
        0,
        0,
        0,
        0,
        0,
        0,
        0,
        0,
        0
    ],
    "ai_actions": [
        0,
        0,
        0,
        0,
        3,
        0,
        0,
        1,
        0,
        0,
        0,
        1,
        0,
        0,
        1,
        0,
        0,
        1,
        0,
        0,
        0,
        3,
        0,
        0,
        0,
        0,
        3,
        5,
        0,
        0,
        1,
        0,
        0,
        1,
        0,
        1,
        0,
        0,
        1,
        3,
        5,
        5,
        0,
        2,
        2,
        0,
        2,
        0,
        0,
        2,
        0,
        0,
        0,
        2,
        0,
        2,
        4,
        4,
        2,
        4,
        2,
        4,
        5,
        3,
        3,
        3,
        5,
        5,
        1,
        1,
        1,
        1,
        1,
        1,
        1,
        1,
        3,
        5,
        5,
        0,
        5,
        2,
        2,
        3,
        5,
        0,
        5,
        4,
        4,
        4,
        5
    ],
    "timestep": [
        0,
        0.17099999999999999,
        0.33000000000000007,
        0.4980000000000002,
        0.5130000000000002,
        0.7010000000000004,
        0.8830000000000006,
        1.0170000000000006,
        1.0170000000000006,
        1.2259999999999998,
        1.4129999999999994,
        1.523999999999999,
        1.6059999999999985,
        1.9749999999999976,
        2.0339999999999976,
        2.1409999999999973,
        2.3959999999999964,
        2.534999999999996,
        2.534999999999996,
        2.7309999999999954,
        2.836999999999995,
        3.039999999999994,
        3.0569999999999937,
        3.229999999999992,
        3.4049999999999914,
        3.5349999999999913,
        3.548999999999991,
        4.0589999999999895,
        4.206999999999988,
        4.495999999999991,
        4.5699999999999905,
        4.949999999999989,
        4.963999999999989,
        5.073999999999988,
        5.4169999999999865,
        5.580999999999987,
        5.580999999999987,
        6.039999999999987,
        6.085999999999987,
        6.593999999999985,
        7.095999999999982,
        7.609999999999981,
        8.120999999999981,
        8.63299999999998,
        9.143999999999979,
        9.57399999999998,
        9.65699999999998,
        9.812999999999981,
        9.95799999999998,
        10.166999999999978,
        10.166999999999978,
        10.368999999999978,
        10.634999999999978,
        10.67799999999998,
        10.824999999999978,
        11.187999999999978,
        11.689999999999976,
        12.19299999999997,
        12.694999999999967,
        13.201999999999963,
        13.707999999999963,
        14.217999999999964,
        14.721999999999962,
        15.22299999999996,
        15.72599999999996,
        16.23799999999996,
        16.747999999999966,
        17.251999999999963,
        17.761999999999954,
        18.277999999999963,
        18.785999999999966,
        19.29899999999997,
        19.811999999999983,
        20.326999999999988,
        20.838999999999988,
        21.344999999999995,
        21.849000000000004,
        22.349000000000007,
        22.849000000000018,
        23.351000000000028,
        23.86700000000003,
        24.377000000000038,
        24.89100000000003,
        25.39600000000004,
        25.902000000000033,
        26.406000000000052,
        26.917000000000048,
        27.428000000000065,
        27.932000000000084,
        28.439000000000092,
        28.947000000000106
    ],
    "initial_commands": [
        "SliceLettuce"
    ],