{
    "level": "l19b",
    "commands_given_planning": [
        [
            "SliceLettuce"
        ],
        [
            "GiveChoppedOnion"
        ],
        [],
        [
            "SliceOnion"
        ]
    ],
    "actions_canceled_planning": [
        [],
        [],
        [
            "SliceTomato"
        ],
        []
    ],
    "planning_time": 14.24799999999998,
    "timesteps_planning_time": [
        5.690999999999992,
        9.997999999999985,
        11.191999999999975,
        13.302999999999976
    ],
    "player_actions": [
        1,
        1,
        1,
        0,
        1,
        4,
        0,
        2,
        4,
        5,
        0,
        1,
        4,
        5,
        0,
        5,
        0,
        5,
        0,
        0,
        0,
        0,
        2,
        2,
        0,
        2,
        4,
        0,
        5,
        2,
        0,
        1,
        4,
        5,
        0,
        2,
        2,
        2,
        0,
        4,
        0,
        0,
        0,
        0,
        0,
        2,
        2,
        0,
        4,
        5,
        1,
        0,
        1,
        1,
        0,
        0,
        0,
        0,
        4,
        2,
        0,
        2,
        4,
        0,
        2,
        4,
        5,
        0,
        1,
        1,
        1,
        0,
        4,
        5
    ],
    "ai_actions": [
        0,
        0,
        0,
        2,
        0,
        0,
        2,
        0,
        0,
        0,
        4,
        0,
        0,
        0,
        4,
        0,
        2,
        0,
        4,
        2,
        4,
        5,
        0,
        0,
        3,
        0,
        0,
        3,
        0,
        0,
        3,
        0,
        0,
        0,
        5,
        0,
        0,
        0,
        5,
        0,
        0,
        2,
        5,
        1,
        1,
        0,
        0,
        1,
        0,
        0,
        0,
        2,
        0,
        0,
        2,
        2,
        3,
        5,
        0,
        0,
        5,
        0,
        0,
        0,
        0,
        0,
        0,
        0,
        0,
        0,
        0,
        0,
        0,
        0
    ],
    "timestep": [
        0,
        0.17900000000000005,
        0.3520000000000002,
        0.5040000000000003,
        0.5240000000000004,
        0.7160000000000005,
        1.0170000000000008,
        1.0360000000000007,
        1.2690000000000001,
        1.4639999999999997,
        1.5309999999999995,
        1.5909999999999993,
        1.7689999999999988,
        1.9339999999999984,
        2.040999999999998,
        2.1249999999999982,
        2.555999999999998,
        2.603999999999998,
        3.059999999999996,
        3.572999999999995,
        4.073999999999993,
        4.574999999999992,
        4.8069999999999915,
        5.005999999999992,
        5.081999999999992,
        5.165999999999992,
        5.466999999999993,
        5.582999999999993,
        5.674999999999994,
        5.825999999999994,
        6.0979999999999945,
        6.176999999999994,
        6.363999999999995,
        6.535999999999996,
        6.608999999999996,
        6.652999999999997,
        6.847999999999998,
        7.0109999999999975,
        7.117999999999997,
        7.347999999999997,
        7.629,
        8.132999999999997,
        8.637999999999991,
        9.14999999999999,
        9.652999999999986,
        9.837999999999987,
        10.014999999999988,
        10.167999999999985,
        10.305999999999985,
        10.545999999999985,
        10.657999999999985,
        10.672999999999986,
        10.832999999999986,
        11.007999999999985,
        11.184999999999985,
        11.689999999999985,
        12.200999999999981,
        12.71199999999998,
        12.744999999999981,
        13.007999999999981,
        13.218999999999982,
        13.249999999999982,
        13.575999999999983,
        13.730999999999984,
        13.845999999999986,
        14.023999999999987,
        14.141999999999987,
        14.233999999999988,
        14.280999999999986,
        14.484999999999983,
        14.658999999999985,
        14.747999999999983,
        14.747999999999983,
        14.876999999999983
    ],
    "initial_commands": [
        "SliceTomato"
    ],