{
    "player_actions": [
        5,
        4,
        5,
        2,
        2,
        2,
        3,
        5,
        4,
        5,
        0,
        0,
        0,
        0,
        0,
        0,
        0,
        0,
        0,
        0,
        0,
        1,
        1,
        1,
        4,
        5,
        2,
        4,
        5,
        2,
        2,
        2,
        4,
        0,
        0,
        0,
        0,
        5,
        0,
        0,
        0,
        1,
        1,
        4,
        5,
        0,
        0,
        0,
        0,
        0,
        0,
        0,
        5,
        3,
        5,
        5,
        4,
        4,
        5,
        0,
        0,
        0
    ],
    "ai_actions": [
        2,
        2,
        2,
        4,
        5,
        1,
        1,
        4,
        5,
        5,
        5,
        2,
        3,
        2,
        2,
        5,
        1,
        1,
        1,
        2,
        2,
        3,
        5,
        1,
        1,
        4,
        5,
        5,
        5,
        2,
        3,
        2,
        2,
        5,
        5,
        3,
        5,
        0,
        0,
        1,
        1,
        1,
        3,
        5,
        4,
        5,
        5,
        5,
        3,
        2,
        3,
        5,
        0,
        0,
        2,
        1,
        1,
        2,
        3,
        5,
        4,
        5
    ],
    "timestep": [
        0.7660000000000005,
        1.1669999999999991,
        1.5159999999999936,
        1.9159999999999897,
        2.218999999999986,
        2.5419999999999825,
        2.8539999999999788,
        3.148999999999975,
        3.41999999999997,
        3.853999999999966,
        4.407999999999941,
        4.957999999999905,
        5.66299999999986,
        5.884999999999844,
        6.12599999999983,
        6.353999999999815,
        6.693999999999794,
        7.259999999999763,
        7.549999999999745,
        9.571999999999774,
        10.191999999999826,
        10.507999999999846,
        10.820999999999847,
        11.131999999999845,
        11.462999999999848,
        11.706999999999848,
        12.019999999999865,
        12.34399999999989,
        12.81499999999991,
        13.295999999999939,
        13.645999999999962,
        14.003999999999989,
        14.604000000000035,
        16.779000000000217,
        22.53400000000108,
        22.848000000001118,
        23.229000000001182,
        23.552000000001225,
        23.949000000001277,
        24.51200000000137,
        25.10400000000147,
        25.688000000001527,
        26.013000000001586,
        26.293000000001626,
        26.910000000001723,
        27.28700000000177,
        27.72500000000184,
        27.949000000001874,
        28.311000000001926,
        28.697000000001974,
        29.13500000000207,
        30.158000000002236,
        36.703000000001694,
        37.38100000000156,
        38.02200000000145,
        38.37600000000141,
        38.687000000001326,
        38.9670000000013,
        39.24700000000127,
        39.7600000000012,
        40.079000000001216,
        40.417000000001224
    ],
    "initial_commands": [
        "FreshTomato"
    ],
    "command_stacks": [
        [
            "FreshTomato"
        ],
        [
            "FreshTomato"
        ],
        [
            "FreshTomato"
        ],
        [
            "FreshTomato"
        ],
        [
            "FreshTomato"
        ],
        [
            "FreshTomato"
        ],
        [
            "FreshTomato"
        ],
        [
            "FreshTomato"
        ],
        [
            "FreshTomato"
        ],
        [
            "FreshTomato"
        ],
        [],
        [],
        [],
        [],
        [],
        [
            "FreshLettuce"
        ],
        [
            "FreshLettuce"
        ],
        [
            "FreshLettuce"
        ],
        [
            "FreshLettuce"
        ],
        [
            "FreshOnion"
        ],
        [
            "FreshOnion"
        ],
        [
            "FreshOnion"
        ],
        [
            "FreshOnion"
        ],
        [
            "FreshOnion"
        ],
        [
            "FreshOnion"
        ],
        [
            "FreshOnion"
        ],
        [
            "FreshOnion"
        ],
        [
            "FreshOnion"
        ],
        [],
        [],
        [],
        [],
        [],
        [
            "Left",
            "Left",
            "Left",
            "Down"
        ],
        [
            "Down",
            "F",
            "Skip",
            "Skip"
        ],
        [
            "F",
            "Skip",
            "Skip"
        ],
        [
            "Skip",
            "Skip"
        ],
        [
            "Skip"
        ],
        [
            "Left",
            "Left",
            "Left",
            "Down"
        ],
        [
            "Left",
            "Left",
            "Down"
        ],
        [
            "Left",
            "Down"
        ],
        [
            "Down"
        ],
        [
            "F"
        ],
        [
            "Up"
        ],
        [
            "F"
        ],
        [
            "F"
        ],
        [
            "F"
        ],
        [
            "Down",
            "Right",
            "Down"
        ],
        [
            "Right",
            "Down"
        ],
        [
            "Down"
        ],
        [
            "F"
        ],
        [
            "F"
        ],
        [
            "Skip",
            "Right",
            "Left",
            "Left",
            "Right",
            "Down"
        ],
        [
            "Right",
            "Left",
            "Left",
            "Right",
            "Down"
        ],
        [
            "Left",
            "Left",
            "Right",
            "Down"
        ],
        [
            "Left",
            "Right",
            "Down"
        ],
        [
            "Right",
            "Down"
        ],
        [
            "Down"
        ],
        [
            "F"
        ],
        [
            "Up"
        ],
        [
            "F"
        ],
        [
            "F"
        ]
    ],
    "current_command_level": [
        "High",
        "High",
        "High",
        "High",
        "High",
        "High",
        "High",
        "High",
        "High",
        "High",
        "High",
        "High",
        "High",
        "High",
        "High",
        "High",
        "High",
        "High",
        "High",
        "High",
        "High",
        "High",
        "High",
        "High",
        "High",
        "High",
        "High",
        "High",
        "High",
        "High",
        "High",
        "High",
        "High",
        "Basic",
        "Basic",
        "Basic",
        "Basic",
        "Basic",
        "Basic",
        "Basic",
        "Basic",
        "Basic",
        "Basic",
        "Basic",
        "Basic",
        "Basic",
        "Basic",
        "Basic",
        "Basic",
        "Basic",
        "Basic",
        "Basic",
        "Basic",
        "Basic",
        "Basic",
        "Basic",
        "Basic",
        "Basic",
        "Basic",
        "Basic",
        "Basic",
        "Basic"
    ],